letter,title,url,notes
A,Wordwall Letter A,https://wordwall.net/resource/115480095/a,رابط جديد لحرف A - تمت المراجعة
B,Wordwall Letter B,https://wordwall.net/resource/115487290/b,رابط جديد لحرف B - تمت المراجعة
C,Wordwall Letter C,https://wordwall.net/resource/115487671/spelling-activity-words,رابط جديد لحرف C - تمت المراجعة
D,Wordwall Letter D,https://wordwall.net/resource/115487791/dog-door-doll-duck-desk,رابط جديد لحرف D - تمت المراجعة
E,Wordwall Letter E,https://wordwall.net/ar/resource/22838490/letter-e,رابط جاهز لحرف E - يحتوي كلمات أطول من 4 أحرف
F,Wordwall Letter F,https://wordwall.net/resource/115699978/f-vocabulary,رابط جديد لحرف F - تمت المراجعة
G,Wordwall Letter G,https://wordwall.net/resource/115558466/g,رابط جديد لحرف G - تمت المراجعة
H,Wordwall Letter H,https://wordwall.net/resource/115558592/untitled10,رابط جديد لحرف H - تمت المراجعة
I,Wordwall Letter I,https://wordwall.net/resource/115558709/i,رابط جديد لحرف I - تمت المراجعة
J,Wordwall Letter J,https://wordwall.net/resource/115558804/jam-jet-jar-jeep-jump,رابط جديد لحرف J - تمت المراجعة
K,Wordwall Letter K,https://wordwall.net/resource/115558886/matching-pairs,رابط جديد لحرف K - تمت المراجعة
L,Wordwall Letter L,https://wordwall.net/resource/115558915/imported-items,رابط جديد لحرف L - تمت المراجعة
M,Wordwall Letter M,https://wordwall.net/resource/115558925/vocabulary-items,رابط جديد لحرف M - تمت المراجعة
N,Wordwall Letter N,https://wordwall.net/resource/115558946/matching-pairs,رابط جديد لحرف N - تمت المراجعة
O,Wordwall Letter O,https://wordwall.net/resource/115558952/memory-matching-items,رابط جديد لحرف O - تمت المراجعة
P,Wordwall Letter P,https://wordwall.net/resource/115558974/imported-items,رابط جديد لحرف P - تمت المراجعة
Q,Wordwall Letter Q,https://wordwall.net/resource/115558990/vocabulary-items,رابط جديد لحرف Q - تمت المراجعة
R,Wordwall Letter R,https://wordwall.net/resource/115700801/r-vocabulary,رابط جديد لحرف R - تمت المراجعة
S,Wordwall Letter S,https://wordwall.net/resource/115559019/sun-sea-sock-star-ship,رابط جديد لحرف S - تمت المراجعة
T,Wordwall Letter T,https://wordwall.net/resource/115559040/matching-pairs,رابط جديد لحرف T - تمت المراجعة
U,Wordwall Letter U,https://wordwall.net/resource/115559051/magnetic-tile-items,رابط جديد لحرف U - تمت المراجعة
V,Wordwall Letter V,https://wordwall.net/resource/115559064/matching-pairs,رابط جديد لحرف V - تمت المراجعة
W,Wordwall Letter W,https://wordwall.net/resource/115559070/imported-items,رابط جديد لحرف W - تمت المراجعة
X,Wordwall Letter X,https://wordwall.net/resource/115701577/x,رابط جديد لحرف X - تمت المراجعة
Y,Wordwall Letter Y,https://wordwall.net/resource/115559091/vocabulary-items,رابط جديد لحرف Y - تمت المراجعة
Z,Wordwall Letter Z,https://wordwall.net/resource/115559106/anagram-items,رابط جديد لحرف Z - تمت المراجعة
